pais_destino,ano,quantidade_kg,valor_usd,quantidade_litros,preco_medio_usd_litro
Afeganistão,2021,11,46.0,11,4.181818181818182
África do Sul,2019,26,95.0,26,3.6538461538461537
África do Sul,2020,4,21.0,4,5.25
África do Sul,2023,117,698.0,117,5.965811965811966
"Alemanha, República Democrática",2009,225086,393482.0,225086,1.7481407106617026
"Alemanha, República Democrática",2010,27715,138666.0,27715,5.003283420530399
"Alemanha, República Democrática",2011,36070,144150.0,36070,3.996395896867203
"Alemanha, República Democrática",2012,8189,56342.0,8189,6.880205153254366
"Alemanha, República Democrática",2013,61699,265978.0,61699,4.310896448888961
"Alemanha, República Democrática",2014,213348,761653.0,213348,3.5700029997937643
"Alemanha, República Democrática",2015,10680,44780.0,10680,4.192883895131086
"Alemanha, República Democrática",2016,14012,68109.0,14012,4.860762203825293
"Alemanha, República Democrática",2017,15467,87702.0,15467,5.670265727031745
"Alemanha, República Democrática",2018,10794,45382.0,10794,4.204372799703539
"Alemanha, República Democrática",2019,3660,25467.0,3660,6.9581967213114755
"Alemanha, República Democrática",2020,6261,32605.0,6261,5.207634563168823
"Alemanha, República Democrática",2021,2698,6741.0,2698,2.498517420311342
"Alemanha, República Democrática",2022,7630,45367.0,7630,5.945871559633027
"Alemanha, República Democrática",2023,4806,31853.0,4806,6.6277569704536
Angola,2009,54786,84235.0,54786,1.5375278355784325
Angola,2010,33557,189891.0,33557,5.6587597222636115
Angola,2011,13889,69001.0,13889,4.968032255741954
Angola,2012,2833,8861.0,2833,3.1277797387927992
Angola,2013,1573,9300.0,1573,5.912269548633185
Angola,2014,12182,23124.0,12182,1.8982104744705304
Angola,2015,1908,17089.0,1908,8.95649895178197
Angola,2016,7359,35390.0,7359,4.8090773202880825
Angola,2017,10170,61680.0,10170,6.064896755162242
Angola,2018,477,709.0,477,1.4863731656184487
Angola,2019,345,1065.0,345,3.0869565217391304
Angola,2022,4068,4761.0,4068,1.170353982300885
Antígua e Barbuda,2018,37,191.0,37,5.162162162162162
Antígua e Barbuda,2019,219,1549.0,219,7.073059360730594
Antígua e Barbuda,2020,624,1864.0,624,2.9871794871794872
Antígua e Barbuda,2021,805,2268.0,805,2.8173913043478263
Antígua e Barbuda,2022,419,1866.0,419,4.4534606205250595
Antígua e Barbuda,2023,383,1848.0,383,4.825065274151436
Antilhas Holandesas,2009,8235,10651.0,8235,1.2933819064966605
Antilhas Holandesas,2010,9810,12808.0,9810,1.3056065239551478
Antilhas Holandesas,2011,7335,10188.0,7335,1.388957055214724
Antilhas Holandesas,2012,9247,14081.0,9247,1.5227641397209906
Antilhas Holandesas,2013,11281,19565.0,11281,1.7343320627603935
Antilhas Holandesas,2014,4455,7169.0,4455,1.609203142536476
Antilhas Holandesas,2015,6660,10545.0,6660,1.5833333333333333
Antilhas Holandesas,2016,16641,26450.0,16641,1.5894477495342827
Antilhas Holandesas,2017,5400,8550.0,5400,1.5833333333333333
Arábia Saudita,2023,124,142.0,124,1.1451612903225807
Argentina,2009,162,4523.0,162,27.919753086419753
Argentina,2011,13253,55460.0,13253,4.184712895193541
Argentina,2014,20385,95130.0,20385,4.666666666666667
Argentina,2018,15711,59150.0,15711,3.764878110877729
Argentina,2020,1015,4176.0,1015,4.114285714285714
Argentina,2021,6,13.0,6,2.1666666666666665
Argentina,2022,480,3232.0,480,6.733333333333333
Argentina,2023,4545,36133.0,4545,7.95005500550055
Aruba,2011,900,1680.0,900,1.8666666666666667
Aruba,2014,450,755.0,450,1.6777777777777778
Austrália,2009,1014,9195.0,1014,9.068047337278106
Austrália,2010,1823,17960.0,1823,9.851892484914975
Austrália,2011,3632,40704.0,3632,11.20704845814978
Austrália,2012,9345,56045.0,9345,5.997324772605672
Austrália,2013,16707,101715.0,16707,6.088166636739091
Austrália,2014,6308,43709.0,6308,6.929137603043754
Austrália,2015,7437,48011.0,7437,6.45569450047062
Austrália,2016,1954,13799.0,1954,7.061924257932446
Austrália,2017,1350,7500.0,1350,5.555555555555555
Austrália,2018,2055,6902.0,2055,3.3586374695863745
Austrália,2019,1161,4682.0,1161,4.032730404823428
Austrália,2020,1013,3413.0,1013,3.3692003948667324
Austrália,2021,705,4034.0,705,5.721985815602837
Austrália,2022,1424,12299.0,1424,8.63693820224719
Austrália,2023,2485,13565.0,2485,5.458752515090543
Áustria,2016,675,5220.0,675,7.733333333333333
Áustria,2022,6,212.0,6,35.333333333333336
Bahamas,2010,3175,12759.0,3175,4.018582677165354
Bahamas,2011,4529,28810.0,4529,6.361227644071539
Bahamas,2012,1374,12087.0,1374,8.796943231441048
Bahamas,2013,581,5145.0,581,8.855421686746988
Bahamas,2018,141,634.0,141,4.49645390070922
Bahamas,2019,791,3124.0,791,3.9494310998735775
Bahamas,2020,1212,3703.0,1212,3.0552805280528053
Bahamas,2021,1083,4567.0,1083,4.216989843028625
Bahamas,2022,1215,5799.0,1215,4.77283950617284
Bahamas,2023,1348,7402.0,1348,5.491097922848665
Bangladesh,2020,3,29.0,3,9.666666666666666
Bangladesh,2021,2,20.0,2,10.0
Bangladesh,2022,7,84.0,7,12.0
Barbados,2019,36,394.0,36,10.944444444444445
Barbados,2020,143,169.0,143,1.1818181818181819
Barbados,2021,216,844.0,216,3.9074074074074074
Barbados,2022,220,1145.0,220,5.204545454545454
Barbados,2023,58,303.0,58,5.224137931034483
Barein,2019,482,2144.0,482,4.448132780082988
Barein,2020,8,28.0,8,3.5
Barein,2021,302,894.0,302,2.9602649006622515
Barein,2022,979,2789.0,979,2.8488253319713994
Barein,2023,283,1684.0,283,5.950530035335689
Bélgica,2009,125962,58764.0,125962,0.46652164938632285
Bélgica,2010,42532,185411.0,42532,4.35932944606414
Bélgica,2011,11802,62339.0,11802,5.282070835451618
Bélgica,2012,16132,90718.0,16132,5.623481279444582
Bélgica,2013,22461,95893.0,22461,4.269311250612172
Bélgica,2014,151320,704093.0,151320,4.653006872852234
Bélgica,2015,4473,26399.0,4473,5.901855577911916
Bélgica,2016,7200,46534.0,7200,6.463055555555556
Bélgica,2017,2790,16405.0,2790,5.879928315412187
Bélgica,2018,7497,52799.0,7497,7.042683740162731
Bélgica,2019,2498,12548.0,2498,5.023218574859888
Bélgica,2020,3166,20460.0,3166,6.462413139608339
Bélgica,2021,483,3749.0,483,7.761904761904762
Bélgica,2022,828,6145.0,828,7.421497584541063
Bélgica,2023,95,683.0,95,7.189473684210526
Belice,2019,9,29.0,9,3.2222222222222223
Benin,2016,5040,20333.0,5040,4.0343253968253965
Benin,2019,9,9.0,9,1.0
Bermudas,2023,16,153.0,16,9.5625
Bolívia,2009,40463,20729.0,40463,0.5122951832538368
Bolívia,2010,54,282.0,54,5.222222222222222
Bolívia,2011,12775,20215.0,12775,1.5823874755381604
Bolívia,2012,11868,16804.0,11868,1.4159083249073139
Bolívia,2013,19147,25998.0,19147,1.357810623074111
Bolívia,2014,12534,18303.0,12534,1.4602680708472953
Bolívia,2015,10674,12990.0,10674,1.2169758291174817
Bolívia,2016,13586,16902.0,13586,1.2440747828647136
Bolívia,2017,9495,23085.0,9495,2.4312796208530805
Bolívia,2018,21566,57424.0,21566,2.66270982101456
Bolívia,2020,9900,16025.0,9900,1.6186868686868687
Bolívia,2021,5850,8360.0,5850,1.429059829059829
Bolívia,2022,32530,49011.0,32530,1.5066400245926836
Bolívia,2023,21926,36950.0,21926,1.6852139013043874
Bósnia-Herzegovina,2020,45,52.0,45,1.1555555555555554
Brasil,2021,31,46.0,31,1.4838709677419355
Brasil,2022,2504,952.0,2504,0.3801916932907348
Bulgária,2017,117,1579.0,117,13.495726495726496
Bulgária,2022,5,31.0,5,6.2
Cabo Verde,2010,11991,49366.0,11991,4.116921024101409
Cabo Verde,2011,600,825.0,600,1.375
Cabo Verde,2018,18,48.0,18,2.6666666666666665
Cabo Verde,2021,16,124.0,16,7.75
Camarões,2017,1749,7476.0,1749,4.274442538593482
Canadá,2009,15664,73445.0,15664,4.688776813074566
Canadá,2011,28906,128076.0,28906,4.430775617518854
Canadá,2012,14304,146035.0,14304,10.209381991051455
Canadá,2013,25329,174643.0,25329,6.894982036400964
Canadá,2014,35082,226875.0,35082,6.466991619634
Canadá,2015,24547,118394.0,24547,4.823155579093168
Canadá,2016,13711,71096.0,13711,5.185325650937203
Canadá,2017,6075,30658.0,6075,5.046584362139917
Canadá,2018,5308,20414.0,5308,3.8458929917106253
Canadá,2019,1589,6933.0,1589,4.3631214600377595
Canadá,2020,1672,8431.0,1672,5.042464114832536
Canadá,2021,1172,6157.0,1172,5.253412969283277
Canadá,2022,1183,5784.0,1183,4.889264581572274
Canadá,2023,11539,42179.0,11539,3.655342750671635
Catar,2017,13338,81606.0,13338,6.118308591992802
Catar,2021,1,2.0,1,2.0
Catar,2023,5,18.0,5,3.6
"Cayman, Ilhas",2018,19,203.0,19,10.68421052631579
"Cayman, Ilhas",2019,19,106.0,19,5.578947368421052
"Cayman, Ilhas",2020,123,339.0,123,2.7560975609756095
"Cayman, Ilhas",2021,104,356.0,104,3.423076923076923
"Cayman, Ilhas",2022,160,958.0,160,5.9875
"Cayman, Ilhas",2023,438,2632.0,438,6.0091324200913245
Chile,2009,1475,4297.0,1475,2.913220338983051
Chile,2012,8550,15438.0,8550,1.8056140350877192
Chile,2018,11049,42832.0,11049,3.8765499140193684
Chile,2020,11,13.0,11,1.1818181818181819
Chile,2021,26,6.0,26,0.23076923076923078
Chile,2022,2094,7986.0,2094,3.8137535816618913
Chile,2023,9,63.0,9,7.0
China,2009,1553416,482400.0,1553416,0.310541413246677
China,2010,795,2358.0,795,2.9660377358490564
China,2011,54156,334867.0,54156,6.1833776497525665
China,2012,87905,642177.0,87905,7.305352369034753
China,2013,40929,279956.0,40929,6.840040069388453
China,2014,64040,455340.0,64040,7.110243597751405
China,2015,47609,222866.0,47609,4.681173727656535
China,2016,134106,499622.0,134106,3.725575291187568
China,2017,67594,266086.0,67594,3.9365328283575467
China,2018,30835,126336.0,30835,4.097162315550511
China,2019,129852,376828.0,129852,2.9019807165080245
China,2020,122253,363000.0,122253,2.969252288287404
China,2021,61884,264116.0,61884,4.267920625686769
China,2022,105395,404647.0,105395,3.839337729493809
China,2023,73917,183096.0,73917,2.477048581517107
Chipre,2018,279,480.0,279,1.7204301075268817
Chipre,2019,672,1843.0,672,2.7425595238095237
Chipre,2020,2478,6785.0,2478,2.738095238095238
Chipre,2021,1855,4530.0,1855,2.442048517520216
Chipre,2022,1521,4458.0,1521,2.9309664694280078
Chipre,2023,524,2995.0,524,5.715648854961832
Cingapura,2009,2419,6110.0,2419,2.5258371227780074
Cingapura,2010,1533,5504.0,1533,3.5903457273320285
Cingapura,2011,911,3317.0,911,3.641053787047201
Cingapura,2012,1212,5310.0,1212,4.381188118811881
Cingapura,2013,766,5779.0,766,7.544386422976501
Cingapura,2014,541,3887.0,541,7.184842883548983
Cingapura,2015,1116,2774.0,1116,2.485663082437276
Cingapura,2016,5445,13199.0,5445,2.424058769513315
Cingapura,2018,3298,11616.0,3298,3.522134627046695
Cingapura,2019,5044,19099.0,5044,3.786478984932593
Cingapura,2020,4049,9316.0,4049,2.3008150160533467
"Cocos (Keeling), Ilhas",2022,26,60.0,26,2.3076923076923075
Colômbia,2013,8,30.0,8,3.75
Colômbia,2018,6944,26273.0,6944,3.7835541474654377
Colômbia,2019,897,1999.0,897,2.2285395763656632
Colômbia,2020,15660,23780.0,15660,1.5185185185185186
Colômbia,2021,12160,21867.0,12160,1.7982730263157896
Colômbia,2022,8217,14068.0,8217,1.7120603626627724
Colômbia,2023,450,1259.0,450,2.7977777777777777
Comores,2020,9,25.0,9,2.7777777777777777
Congo,2011,360,570.0,360,1.5833333333333333
Congo,2023,17100,26600.0,17100,1.5555555555555556
"Coreia, Republica Sul",2016,8,20.0,8,2.5
"Coreia, Republica Sul",2018,120,109.0,120,0.9083333333333333
"Coreia, Republica Sul",2019,70,194.0,70,2.7714285714285714
"Coreia, Republica Sul",2020,103,433.0,103,4.203883495145631
"Coreia, Republica Sul",2021,67,100.0,67,1.492537313432836
"Coreia, Republica Sul",2022,77,257.0,77,3.3376623376623376
"Coreia, Republica Sul",2023,25,171.0,25,6.84
Croácia,2020,21,123.0,21,5.857142857142857
Croácia,2022,34,484.0,34,14.235294117647058
Cuba,2011,2880,4899.0,2880,1.7010416666666666
Cuba,2014,38875,43200.0,38875,1.1112540192926046
Cuba,2015,97965,108864.0,97965,1.1112540192926046
Cuba,2016,63741,69830.0,63741,1.095527211684787
Cuba,2017,62791,72229.0,62791,1.1503081651829083
Cuba,2018,4776,5584.0,4776,1.169179229480737
Cuba,2022,16,6.0,16,0.375
Curaçao,2017,12340,23011.0,12340,1.8647487844408428
Curaçao,2018,23930,43676.0,23930,1.825156707062265
Curaçao,2019,33951,62067.0,33951,1.8281346646637802
Curaçao,2020,47962,65986.0,47962,1.375797506359201
Curaçao,2021,32263,58993.0,32263,1.8285032390044322
Curaçao,2022,40673,66950.0,40673,1.6460551225628794
Curaçao,2023,25135,40807.0,25135,1.6235130296399443
Dinamarca,2009,1980,21780.0,1980,11.0
Dinamarca,2010,7034,69161.0,7034,9.83238555587148
Dinamarca,2011,32797,83057.0,32797,2.5324572369424034
Dinamarca,2012,4716,23802.0,4716,5.0470737913486
Dinamarca,2013,17892,101915.0,17892,5.696121171473284
Dinamarca,2014,3240,16871.0,3240,5.207098765432098
Dinamarca,2015,7080,29306.0,7080,4.139265536723164
Dinamarca,2016,1278,8171.0,1278,6.39358372456964
Dinamarca,2017,581,2829.0,581,4.869191049913941
Dinamarca,2019,240,306.0,240,1.275
Dinamarca,2020,659,1962.0,659,2.9772382397572077
Dinamarca,2021,87,504.0,87,5.793103448275862
Dinamarca,2022,2,6.0,2,3.0
Dinamarca,2023,1734,15261.0,1734,8.801038062283737
Dominica,2021,460,634.0,460,1.3782608695652174
Dominica,2022,1485,2223.0,1485,1.496969696969697
El Salvador,2009,55,100.0,55,1.8181818181818181
Emirados Arabes Unidos,2009,1398,4032.0,1398,2.88412017167382
Emirados Arabes Unidos,2010,1035,3206.0,1035,3.097584541062802
Emirados Arabes Unidos,2011,2120,6594.0,2120,3.110377358490566
Emirados Arabes Unidos,2012,675,3300.0,675,4.888888888888889
Emirados Arabes Unidos,2014,640,3381.0,640,5.2828125
Emirados Arabes Unidos,2015,765,3740.0,765,4.888888888888889
Emirados Arabes Unidos,2016,585,2760.0,585,4.717948717948718
Emirados Arabes Unidos,2017,675,3302.0,675,4.891851851851852
Emirados Arabes Unidos,2018,360,1762.0,360,4.894444444444445
Emirados Arabes Unidos,2019,450,2202.0,450,4.8933333333333335
Emirados Arabes Unidos,2020,581,2279.0,581,3.9225473321858866
Emirados Arabes Unidos,2021,810,10522.0,810,12.990123456790123
Emirados Arabes Unidos,2022,4781,85465.0,4781,17.87596737084292
Emirados Arabes Unidos,2023,1417,6762.0,1417,4.772053634438955
Equador,2019,2,3.0,2,1.5
Equador,2020,3780,3824.0,3780,1.0116402116402117
Equador,2022,135,210.0,135,1.5555555555555556
Equador,2023,2790,4392.0,2790,1.5741935483870968
Espanha,2009,2181,4050.0,2181,1.8569463548830811
Espanha,2011,5206,24618.0,5206,4.728774490971955
Espanha,2013,1972980,3748940.0,1972980,1.9001409036077406
Espanha,2018,6123,22631.0,6123,3.6960640209047853
Espanha,2019,3540,1353.0,3540,0.3822033898305085
Espanha,2020,28,126.0,28,4.5
Espanha,2023,180,4171.0,180,23.17222222222222
Estados Unidos,2009,372319,660066.0,372319,1.7728507006088865
Estados Unidos,2010,228968,478630.0,228968,2.0903794416687047
Estados Unidos,2011,306787,1030254.0,306787,3.3582061821393996
Estados Unidos,2012,146585,303986.0,146585,2.0737865402326294
Estados Unidos,2013,245368,786556.0,245368,3.205617684457631
Estados Unidos,2014,222267,494216.0,222267,2.2235239599220757
Estados Unidos,2015,195896,524109.0,195896,2.675445134152816
Estados Unidos,2016,258072,687411.0,258072,2.6636403794289967
Estados Unidos,2017,132688,1523699.0,132688,11.48332177740263
Estados Unidos,2018,169109,512519.0,169109,3.0307020915504204
Estados Unidos,2019,209765,616274.0,209765,2.9379257740805187
Estados Unidos,2020,300178,610793.0,300178,2.034769370173697
Estados Unidos,2021,111085,203554.0,111085,1.8324166179052077
Estados Unidos,2022,220373,447893.0,220373,2.0324313777096106
Estados Unidos,2023,229839,429091.0,229839,1.8669198873994404
Estônia,2009,5438,10802.0,5438,1.9863920559029056
Estônia,2010,15848,40778.0,15848,2.5730691569914184
Estônia,2011,450,5336.0,450,11.857777777777779
Estônia,2012,3321,19384.0,3321,5.836796145739235
Estônia,2016,900,4800.0,900,5.333333333333333
Filipinas,2018,9608,16205.0,9608,1.686615320566195
Filipinas,2019,736,2486.0,736,3.3777173913043477
Filipinas,2020,719,1548.0,719,2.152990264255911
Filipinas,2021,2784,10368.0,2784,3.7241379310344827
Filipinas,2022,375,790.0,375,2.1066666666666665
Filipinas,2023,94,334.0,94,3.5531914893617023
Finlândia,2011,12404,50394.0,12404,4.062721702676556
Finlândia,2012,17100,67959.0,17100,3.9742105263157894
Finlândia,2013,36682,283114.0,36682,7.718063355324137
Finlândia,2014,12960,94962.0,12960,7.327314814814815
Finlândia,2016,7617,41003.0,7617,5.383090455559932
Finlândia,2023,5,11.0,5,2.2
França,2010,3614,18904.0,3614,5.230769230769231
França,2012,195604,185791.0,195604,0.9498323142676018
França,2013,6885,42256.0,6885,6.137400145243283
França,2014,33755,167807.0,33755,4.971322766997482
França,2015,1596,4749.0,1596,2.975563909774436
França,2016,6037,30055.0,6037,4.978466125559052
França,2017,4253,21654.0,4253,5.091464848342347
França,2018,11077,48677.0,11077,4.394420872077277
França,2019,18286,67072.0,18286,3.667942688395494
França,2020,12622,57144.0,12622,4.527333227697671
França,2021,7052,23742.0,7052,3.3667044809982984
França,2022,5694,25008.0,5694,4.3919915700737615
França,2023,2265,14722.0,2265,6.499779249448124
Gana,2018,9000,13502.0,9000,1.5002222222222221
Gana,2019,7673,10010.0,7673,1.3045744819496938
Gana,2020,18810,22027.0,18810,1.1710260499734184
Gana,2021,12578,19196.0,12578,1.5261567816823025
Gana,2022,35949,49304.0,35949,1.371498511780578
Gana,2023,7237,29473.0,7237,4.072543871770071
Gibraltar,2019,23,93.0,23,4.043478260869565
Gibraltar,2020,769,2860.0,769,3.719115734720416
Granada,2022,5610,7914.0,5610,1.4106951871657754
Grécia,2018,232,730.0,232,3.146551724137931
Grécia,2019,561,1994.0,561,3.554367201426025
Grécia,2020,6859,18092.0,6859,2.6377022889634056
Grécia,2021,908,3014.0,908,3.3193832599118944
Grécia,2022,920,2426.0,920,2.6369565217391306
Grécia,2023,1294,3214.0,1294,2.483771251931994
Guatemala,2009,20,20.0,20,1.0
Guatemala,2019,1597,8719.0,1597,5.459611772072636
Guatemala,2021,17347,29100.0,17347,1.6775234910935608
Guatemala,2022,1283,5350.0,1283,4.169914263445051
Guatemala,2023,2053,3758.0,2053,1.8304919629810035
Guiana,2010,783,3654.0,783,4.666666666666667
Guiana,2019,424,1311.0,424,3.0919811320754715
Guiana,2020,990,2577.0,990,2.603030303030303
Guiana,2021,2372,6525.0,2372,2.7508431703204046
Guiana,2022,2064,5823.0,2064,2.821220930232558
Guiana,2023,33651,88715.0,33651,2.63632581498321
Guiana Francesa,2021,90,32.0,90,0.35555555555555557
Guiana Francesa,2022,22,18.0,22,0.8181818181818182
Guine Bissau,2017,48,90.0,48,1.875
Guine Equatorial,2009,169,272.0,169,1.6094674556213018
Guine Equatorial,2010,410,1015.0,410,2.475609756097561
Guine Equatorial,2011,956,1979.0,956,2.0700836820083683
Guine Equatorial,2012,819,2530.0,819,3.0891330891330893
Guine Equatorial,2013,1108,5336.0,1108,4.815884476534296
Guine Equatorial,2014,5646,11983.0,5646,2.122387530995395
Guine Equatorial,2017,2639,30563.0,2639,11.58128078817734
Guine Equatorial,2018,8389,26808.0,8389,3.1956133031350578
Haiti,2009,4500,5863.0,4500,1.302888888888889
Haiti,2010,2700,3750.0,2700,1.3888888888888888
Haiti,2018,79500,144425.0,79500,1.8166666666666667
Haiti,2019,81873,129803.0,81873,1.5854188804612022
Haiti,2020,399128,471152.0,399128,1.180453388386683
Haiti,2021,670379,831181.0,670379,1.2398672989458202
Haiti,2022,553503,741014.0,553503,1.3387714249064595
Haiti,2023,559645,871661.0,559645,1.557524859509153
Honduras,2009,14,30.0,14,2.142857142857143
Hong Kong,2009,50319,27188.0,50319,0.5403128043085117
Hong Kong,2011,2063,7975.0,2063,3.8657295201163353
Hong Kong,2012,1609,7653.0,1609,4.756370416407707
Hong Kong,2013,16013,61224.0,16013,3.8233934927871105
Hong Kong,2014,18130,63534.0,18130,3.5043574186431328
Hong Kong,2015,1229,7837.0,1229,6.376729048006509
Hong Kong,2016,6975,86199.0,6975,12.358279569892472
Hong Kong,2017,1934,8180.0,1934,4.22957600827301
Hong Kong,2018,1742,9029.0,1742,5.183122847301952
Hong Kong,2019,9651,42020.0,9651,4.353952958242669
Hong Kong,2020,15159,41987.0,15159,2.7697737317765023
Hong Kong,2021,12507,39390.0,12507,3.1494363156632286
Hong Kong,2022,9371,38218.0,9371,4.078326752747839
Hong Kong,2023,16255,71025.0,16255,4.369424792371578
Hungria,2010,540,4103.0,540,7.598148148148148
Hungria,2021,87,583.0,87,6.7011494252873565
Ilha de Man,2019,28,175.0,28,6.25
Ilha de Man,2020,11,121.0,11,11.0
Ilha de Man,2021,97,445.0,97,4.587628865979381
Ilha de Man,2022,165,641.0,165,3.8848484848484848
Ilha de Man,2023,1428,4533.0,1428,3.1743697478991595
India,2019,51,273.0,51,5.352941176470588
India,2020,7,10.0,7,1.4285714285714286
India,2021,13,86.0,13,6.615384615384615
India,2022,247,1021.0,247,4.133603238866397
India,2023,60,170.0,60,2.8333333333333335
Indonésia,2020,5,6.0,5,1.2
Indonésia,2023,9,30.0,9,3.3333333333333335
Irã,2020,21,35.0,21,1.6666666666666667
Irã,2021,116,287.0,116,2.4741379310344827
Irã,2022,47,90.0,47,1.9148936170212767
Irlanda,2010,3969,42795.0,3969,10.782312925170068
Irlanda,2011,5376,35690.0,5376,6.638764880952381
Irlanda,2018,7560,25767.0,7560,3.408333333333333
Irlanda,2020,29,257.0,29,8.862068965517242
Irlanda,2021,36,208.0,36,5.777777777777778
Irlanda,2023,150,377.0,150,2.513333333333333
Itália,2009,1817,5251.0,1817,2.889928453494772
Itália,2010,1458,4828.0,1458,3.3113854595336076
Itália,2011,11999,80298.0,11999,6.6920576714726225
Itália,2012,792,5622.0,792,7.098484848484849
Itália,2013,1710,11967.0,1710,6.9982456140350875
Itália,2014,604,2492.0,604,4.125827814569536
Itália,2016,585,3465.0,585,5.923076923076923
Itália,2017,468,2248.0,468,4.803418803418803
Itália,2018,3661,13260.0,3661,3.6219612127833924
Itália,2019,587,1625.0,587,2.7683134582623508
Itália,2020,91,376.0,91,4.131868131868132
Itália,2021,696,3715.0,696,5.337643678160919
Itália,2022,1129,6151.0,1129,5.448184233835253
Itália,2023,2922,27665.0,2922,9.467830253251197
Japão,2009,217974,283436.0,217974,1.3003202216778147
Japão,2010,112178,74628.0,112178,0.6652641337873736
Japão,2011,100835,144662.0,100835,1.4346407497396738
Japão,2012,29281,116961.0,29281,3.994433250230525
Japão,2013,91988,429088.0,91988,4.664608427186154
Japão,2014,106426,401774.0,106426,3.7751489297728
Japão,2015,31597,87853.0,31597,2.7804221919802514
Japão,2016,34341,90954.0,34341,2.648554206342273
Japão,2017,33909,92886.0,33909,2.739272759444395
Japão,2018,36992,112342.0,36992,3.036926903114187
Japão,2019,40621,99642.0,40621,2.45296767681741
Japão,2020,36442,92674.0,36442,2.5430547170846824
Japão,2021,39491,90275.0,39491,2.285963890506698
Japão,2022,37324,82208.0,37324,2.202550637659415
Japão,2023,22942,57780.0,22942,2.5185249760265016
Jordânia,2020,12,52.0,12,4.333333333333333
Letônia,2017,387,3723.0,387,9.62015503875969
Letônia,2023,8,8.0,8,1.0
Libéria,2018,658,3100.0,658,4.711246200607903
Libéria,2019,4441,20068.0,4441,4.518802071605494
Libéria,2020,5155,17624.0,5155,3.4188166828322015
Libéria,2021,7554,23060.0,7554,3.0526873179772305
Libéria,2022,9145,34815.0,9145,3.8069983597594312
Libéria,2023,39784,42463.0,39784,1.0673386285944098
Luxemburgo,2009,7845,42124.0,7845,5.369534735500318
Luxemburgo,2010,7344,32549.0,7344,4.432053376906318
Luxemburgo,2011,9547,65592.0,9547,6.870430501728292
Luxemburgo,2012,2444,16547.0,2444,6.7704582651391165
Luxemburgo,2013,5135,29474.0,5135,5.7398247322297955
Luxemburgo,2014,8281,52400.0,8281,6.327738195870064
Luxemburgo,2015,2295,17358.0,2295,7.563398692810457
Luxemburgo,2016,2759,21426.0,2759,7.765857194635737
Luxemburgo,2017,2719,21947.0,2719,8.071717543214417
Luxemburgo,2018,1778,11053.0,1778,6.216535433070866
Luxemburgo,2019,1666,11211.0,1666,6.729291716686674
Luxemburgo,2020,1086,5110.0,1086,4.705340699815838
Luxemburgo,2022,36,802.0,36,22.27777777777778
Luxemburgo,2023,581,7048.0,581,12.130808950086058
Macau,2023,7,6.0,7,0.8571428571428571
Malásia,2018,15,33.0,15,2.2
Malásia,2019,48,110.0,48,2.2916666666666665
Malavi,2023,3660,6252.0,3660,1.7081967213114755
Malta,2018,503,1192.0,503,2.3697813121272366
Malta,2019,3661,8828.0,3661,2.4113630155695165
Malta,2020,3490,9688.0,3490,2.7759312320916907
Malta,2021,3441,15454.0,3441,4.491136297587911
Malta,2022,3127,15587.0,3127,4.984649824112568
Malta,2023,6561,24199.0,6561,3.6883097088858405
"Marshall, Ilhas",2018,923,2436.0,923,2.639219934994583
"Marshall, Ilhas",2019,7276,15786.0,7276,2.1695986805937326
"Marshall, Ilhas",2020,6270,19639.0,6270,3.1322169059011165
"Marshall, Ilhas",2021,8644,22561.0,8644,2.610018509949098
"Marshall, Ilhas",2022,7240,27178.0,7240,3.753867403314917
"Marshall, Ilhas",2023,7417,31691.0,7417,4.272751786436564
Martinica,2023,9,31.0,9,3.4444444444444446
Mauritânia,2021,9,85.0,9,9.444444444444445
México,2011,1350,7200.0,1350,5.333333333333333
México,2014,1521,24336.0,1521,16.0
México,2017,664,2292.0,664,3.4518072289156625
México,2018,2748,9744.0,2748,3.5458515283842793
México,2019,4,4.0,4,1.0
México,2020,24,226.0,24,9.416666666666666
México,2021,9,2.0,9,0.2222222222222222
México,2022,6,33.0,6,5.5
México,2023,3,19.0,3,6.333333333333333
Moçambique,2022,383,1927.0,383,5.031331592689295
Montenegro,2019,9,46.0,9,5.111111111111111
Montenegro,2020,9,20.0,9,2.2222222222222223
Montenegro,2021,14,65.0,14,4.642857142857143
Nicarágua,2009,24,24.0,24,1.0
Nigéria,2009,41,115.0,41,2.8048780487804876
Nigéria,2011,54,210.0,54,3.888888888888889
Nigéria,2012,6449,10196.0,6449,1.5810203132268568
Nigéria,2013,1350,2245.0,1350,1.662962962962963
Nigéria,2018,5175,6250.0,5175,1.2077294685990339
Nigéria,2019,28437,38555.0,28437,1.355804058093329
Nigéria,2020,12094,26514.0,12094,2.192326773606747
Nigéria,2021,68247,113172.0,68247,1.6582706932172844
Nigéria,2022,32234,50283.0,32234,1.5599367127877397
Nigéria,2023,10800,16464.0,10800,1.5244444444444445
Noruega,2011,10268,78688.0,10268,7.663420335021426
Noruega,2012,5104,31515.0,5104,6.174568965517241
Noruega,2013,2375,19008.0,2375,8.003368421052631
Noruega,2014,7179,50464.0,7179,7.02939128012258
Noruega,2015,1058,6021.0,1058,5.690926275992439
Noruega,2018,1295,9847.0,1295,7.603861003861004
Noruega,2019,628,3139.0,628,4.998407643312102
Noruega,2020,1859,15134.0,1859,8.140935987089833
Noruega,2021,1878,8320.0,1878,4.43024494142705
Noruega,2022,2711,40316.0,2711,14.871265215787533
Noruega,2023,861,4243.0,861,4.9279907084785135
Nova Caledônia,2021,7227,11924.0,7227,1.6499238964992389
Nova Zelândia,2011,2587,7992.0,2587,3.0892926169308077
Nova Zelândia,2012,2364,8817.0,2364,3.729695431472081
Nova Zelândia,2013,1004,4092.0,1004,4.075697211155378
Nova Zelândia,2014,2800,13675.0,2800,4.883928571428571
Nova Zelândia,2015,809,3476.0,809,4.296662546353523
Nova Zelândia,2016,504,9472.0,504,18.793650793650794
Nova Zelândia,2017,1678,8140.0,1678,4.851013110846245
Nova Zelândia,2018,969,5565.0,969,5.743034055727554
Nova Zelândia,2019,500,2832.0,500,5.664
Nova Zelândia,2020,95,515.0,95,5.421052631578948
Nova Zelândia,2021,657,10477.0,657,15.946727549467276
Nova Zelândia,2022,63,156.0,63,2.4761904761904763
Nova Zelândia,2023,338,7177.0,338,21.233727810650887
Omã,2022,194,670.0,194,3.4536082474226806
Países Baixos,2009,171654,136991.0,171654,0.7980647115709508
Países Baixos,2010,87368,302182.0,87368,3.458726307114733
Países Baixos,2011,125414,395356.0,125414,3.152407227263304
Países Baixos,2012,134879,539641.0,134879,4.000926756574411
Países Baixos,2013,57792,255690.0,57792,4.4243147840531565
Países Baixos,2014,165289,773767.0,165289,4.681297606011289
Países Baixos,2015,44987,186464.0,44987,4.1448418431991465
Países Baixos,2016,42953,190203.0,42953,4.428165669452658
Países Baixos,2018,9451,32395.0,9451,3.4276796106232146
Países Baixos,2019,44882,148031.0,44882,3.2982264604964127
Países Baixos,2020,248,1532.0,248,6.17741935483871
Países Baixos,2021,3791,8484.0,3791,2.23793194407808
Países Baixos,2022,7034,37240.0,7034,5.294284901905033
Países Baixos,2023,2244,4958.0,2244,2.2094474153297683
Palau,2023,45,143.0,45,3.1777777777777776
Panamá,2009,24,30.0,24,1.25
Panamá,2012,39,2262.0,39,58.0
Panamá,2018,1183,3117.0,1183,2.6348267117497888
Panamá,2019,7918,29017.0,7918,3.6646880525385197
Panamá,2020,10821,28372.0,10821,2.621938822659643
Panamá,2021,29520,48444.0,29520,1.6410569105691057
Panamá,2022,11490,49392.0,11490,4.298694516971279
Panamá,2023,14785,68173.0,14785,4.610957051065268
Paraguai,2009,486927,392087.0,486927,0.805227477630117
Paraguai,2010,510989,449197.0,510989,0.8790737178295424
Paraguai,2011,240168,276281.0,240168,1.150365577429133
Paraguai,2012,354824,428279.0,354824,1.2070181272969134
Paraguai,2013,481564,680828.0,481564,1.413785083602595
Paraguai,2014,521847,908028.0,521847,1.7400272493661935
Paraguai,2015,495428,741370.0,495428,1.4964232946058762
Paraguai,2016,985739,1655417.0,985739,1.6793664448702952
Paraguai,2017,2393468,4274650.0,2393468,1.7859649679878737
Paraguai,2018,3234168,5494321.0,3234168,1.6988359912039201
Paraguai,2019,2419537,3826587.0,2419537,1.5815368808164538
Paraguai,2020,3299013,3869243.0,3299013,1.1728486671619662
Paraguai,2021,6522527,7192362.0,6522527,1.1026956270169521
Paraguai,2022,5076670,7156293.0,5076670,1.4096431322106815
Paraguai,2023,3780378,5517263.0,3780378,1.4594474414992362
Peru,2018,5193,19372.0,5193,3.7304063161948777
Peru,2019,9755,17310.0,9755,1.7744746283956945
Peru,2021,9720,17107.0,9720,1.7599794238683129
Peru,2023,47277,84282.0,47277,1.7827273304143665
Pitcairn,2023,11,22.0,11,2.0
Polônia,2009,6982,35797.0,6982,5.127040962474935
Polônia,2010,20464,95198.0,20464,4.651974198592651
Polônia,2011,11732,50684.0,11732,4.320150017047392
Polônia,2012,21663,89158.0,21663,4.1156811152656605
Polônia,2013,19249,90960.0,19249,4.725440282612084
Polônia,2014,30181,107957.0,30181,3.576985520691826
Polônia,2015,11654,42781.0,11654,3.6709284365882957
Polônia,2016,11457,35402.0,11457,3.0899886532251024
Polônia,2018,720,4679.0,720,6.498611111111111
Polônia,2019,5,11.0,5,2.2
Polônia,2020,74,86.0,74,1.162162162162162
Polônia,2021,4,14.0,4,3.5
Polônia,2023,298,590.0,298,1.9798657718120805
Portugal,2009,141000,168923.0,141000,1.1980354609929078
Portugal,2010,4577,18970.0,4577,4.144636224601268
Portugal,2011,95,1031.0,95,10.852631578947369
Portugal,2012,47172,47022.0,47172,0.9968201475451539
Portugal,2013,23810,17627.0,23810,0.7403191936161276
Portugal,2014,71544,79141.0,71544,1.1061864027731187
Portugal,2015,47736,42586.0,47736,0.8921149656443774
Portugal,2019,18328,72413.0,18328,3.9509493670886076
Portugal,2020,7958,34518.0,7958,4.337521990449861
Portugal,2021,6358,42633.0,6358,6.705410506448569
Portugal,2022,1918,7613.0,1918,3.9692387904066737
Portugal,2023,13742,46311.0,13742,3.3700334740212488
Quênia,2012,94,458.0,94,4.872340425531915
Quênia,2013,6,4.0,6,0.6666666666666666
Quênia,2018,6771,31225.0,6771,4.611578791906661
Quênia,2022,1440,2080.0,1440,1.4444444444444444
Reino Unido,2009,30092,68788.0,30092,2.2859231689485577
Reino Unido,2010,123624,295690.0,123624,2.3918494790655536
Reino Unido,2011,122629,285642.0,122629,2.329318513565307
Reino Unido,2012,82937,334856.0,82937,4.037474227425636
Reino Unido,2013,59161,305005.0,59161,5.155507851456195
Reino Unido,2014,305807,1373747.0,305807,4.492202598370868
Reino Unido,2015,68382,308407.0,68382,4.510061127197216
Reino Unido,2016,117044,536681.0,117044,4.585292710433683
Reino Unido,2017,60711,242883.0,60711,4.000642387705688
Reino Unido,2018,67708,296827.0,67708,4.383928043953447
Reino Unido,2019,34295,164592.0,34295,4.799300189532001
Reino Unido,2020,22913,82722.0,22913,3.610264915113691
Reino Unido,2021,25316,122394.0,25316,4.834650023700426
Reino Unido,2022,18835,138154.0,18835,7.334961507831165
Reino Unido,2023,11326,84547.0,11326,7.464859615045029
Rússia,2009,21912914,5732280.0,21912914,0.26159368854365966
Rússia,2012,4528176,2103968.0,4528176,0.46463918363597173
Rússia,2013,5893291,14795694.0,5893291,2.5105995953703966
Rússia,2014,190656,61440.0,190656,0.32225579053373615
Rússia,2015,47664,18240.0,47664,0.3826787512588117
Rússia,2020,1463,8550.0,1463,5.8441558441558445
Rússia,2021,181931,312926.0,181931,1.7200257240382342
Rússia,2022,66046,118618.0,66046,1.7959906731671864
São Cristóvão e Névis,2023,16,31.0,16,1.9375
São Tomé e Príncipe,2018,2184,2357.0,2184,1.0792124542124542
São Vicente e Granadinas,2021,8,48.0,8,6.0
São Vicente e Granadinas,2022,20,51.0,20,2.55
São Vicente e Granadinas,2023,39,139.0,39,3.5641025641025643
Serra Leoa,2019,18,717.0,18,39.833333333333336
Serra Leoa,2020,9240,13050.0,9240,1.4123376623376624
Serra Leoa,2021,6525,12955.0,6525,1.9854406130268198
Serra Leoa,2022,8101,15182.0,8101,1.8740896185656093
Serra Leoa,2023,23200,38548.0,23200,1.661551724137931
Singapura,2021,4504,14346.0,4504,3.185168738898757
Singapura,2022,4322,15434.0,4322,3.5710319296621935
Singapura,2023,3941,19781.0,3941,5.01928444557219
Suazilândia,2021,10,24.0,10,2.4
Suécia,2009,28334,52826.0,28334,1.8644031905131644
Suécia,2011,1641,14476.0,1641,8.821450335161487
Suécia,2012,2705,17280.0,2705,6.388170055452865
Suécia,2013,3195,20183.0,3195,6.317057902973396
Suécia,2014,10404,51057.0,10404,4.907439446366782
Suécia,2015,1412,6404.0,1412,4.5354107648725215
Suécia,2016,291,1214.0,291,4.171821305841925
Suécia,2017,15445,64953.0,15445,4.205438653285853
Suécia,2018,8062,34563.0,8062,4.28714959067229
Suécia,2019,28,761.0,28,27.178571428571427
Suécia,2020,6,24.0,6,4.0
Suécia,2021,23,74.0,23,3.217391304347826
Suécia,2022,5,18.0,5,3.6
Suíça,2009,27653,81319.0,27653,2.940693595631577
Suíça,2010,2025,21600.0,2025,10.666666666666666
Suíça,2012,4014,47240.0,4014,11.768809167912307
Suíça,2013,2997,29785.0,2997,9.938271604938272
Suíça,2014,27933,231762.0,27933,8.297067984104823
Suíça,2015,15872,85790.0,15872,5.405115927419355
Suíça,2016,4230,33340.0,4230,7.881796690307328
Suíça,2017,6525,74816.0,6525,11.466053639846743
Suíça,2019,2223,28503.0,2223,12.821862348178138
Suíça,2020,2827,27930.0,2827,9.879731163777857
Suíça,2021,627,6999.0,627,11.16267942583732
Suíça,2022,1584,20863.0,1584,13.171085858585858
Suíça,2023,2500,28763.0,2500,11.5052
Suriname,2009,3830,12918.0,3830,3.372845953002611
Suriname,2010,1836,1269.0,1836,0.6911764705882353
Suriname,2011,3774,3735.0,3774,0.9896661367249603
Suriname,2012,396,1288.0,396,3.2525252525252526
Suriname,2013,1800,2960.0,1800,1.6444444444444444
Suriname,2014,6,19.0,6,3.1666666666666665
Suriname,2015,453,713.0,453,1.5739514348785872
Suriname,2016,900,1375.0,900,1.5277777777777777
Suriname,2017,3690,5638.0,3690,1.5279132791327914
Suriname,2019,3206,4741.0,3206,1.4787897691827823
Suriname,2020,4185,5277.0,4185,1.260931899641577
Suriname,2021,900,1472.0,900,1.6355555555555557
Suriname,2022,1225,3360.0,1225,2.742857142857143
Suriname,2023,3105,5235.0,3105,1.6859903381642511
Tailândia,2018,8,45.0,8,5.625
Tailândia,2019,128,832.0,128,6.5
Tailândia,2020,534,1753.0,534,3.2827715355805243
Tailândia,2021,1334,2529.0,1334,1.8958020989505247
Tailândia,2022,432,1713.0,432,3.9652777777777777
Tailândia,2023,189,1387.0,189,7.338624338624339
Taiwan (Formosa),2011,4500,10600.0,4500,2.3555555555555556
Taiwan (Formosa),2014,12519,67907.0,12519,5.424315041137471
Taiwan (Formosa),2015,7200,23940.0,7200,3.325
Taiwan (Formosa),2016,16967,80379.0,16967,4.7373725467083165
Taiwan (Formosa),2017,14988,43954.0,14988,2.9326127568721643
Taiwan (Formosa),2018,7589,18421.0,7589,2.427329028857557
Taiwan (Formosa),2019,12,67.0,12,5.583333333333333
Taiwan (Formosa),2020,963,4673.0,963,4.852544132917965
Taiwan (Formosa),2021,1313,8153.0,1313,6.20944402132521
Taiwan (Formosa),2022,25,277.0,25,11.08
Taiwan (Formosa),2023,4208,19998.0,4208,4.7523764258555135
"Tcheca, República",2009,9269,43902.0,9269,4.736433272197648
"Tcheca, República",2010,1091,5285.0,1091,4.844179651695692
"Tcheca, República",2011,6846,37271.0,6846,5.444200993280748
"Tcheca, República",2012,7960,27789.0,7960,3.4910804020100503
"Tcheca, República",2013,3697,23549.0,3697,6.369759264268326
"Tcheca, República",2014,4500,35005.0,4500,7.778888888888889
"Tcheca, República",2015,2297,15304.0,2297,6.662603395733566
"Tcheca, República",2016,3837,28473.0,3837,7.420641125879594
"Tcheca, República",2017,2746,16947.0,2746,6.171522214129643
"Tcheca, República",2018,2712,20980.0,2712,7.73598820058997
"Tcheca, República",2019,2115,16391.0,2115,7.749881796690308
"Tcheca, República",2020,563,4805.0,563,8.534635879218472
"Tcheca, República",2021,456,5988.0,456,13.131578947368421
"Tcheca, República",2022,1305,9997.0,1305,7.660536398467433
"Tcheca, República",2023,405,3348.0,405,8.266666666666667
Togo,2021,1890,2012.0,1890,1.0645502645502645
Togo,2022,17317,25608.0,17317,1.4787780793439973
Togo,2023,14550,25235.0,14550,1.734364261168385
Toquelau,2023,3,10.0,3,3.3333333333333335
Trinidade Tobago,2012,531,2720.0,531,5.12241054613936
Trinidade Tobago,2014,360,1600.0,360,4.444444444444445
Turquia,2018,360,150.0,360,0.4166666666666667
Turquia,2019,115,209.0,115,1.817391304347826
Turquia,2021,343,878.0,343,2.5597667638483963
Turquia,2022,418,503.0,418,1.2033492822966507
Turquia,2023,28104,95421.0,28104,3.395281810418446
Tuvalu,2020,2,4.0,2,2.0
Uruguai,2010,914,2929.0,914,3.2045951859956237
Uruguai,2011,1238,4404.0,1238,3.5573505654281097
Uruguai,2012,1135,3879.0,1135,3.4176211453744494
Uruguai,2013,1526,13343.0,1526,8.743774574049803
Uruguai,2018,7711,29617.0,7711,3.840876669692647
Uruguai,2019,6180,18497.0,6180,2.993042071197411
Uruguai,2021,136774,149842.0,136774,1.095544474827087
Uruguai,2022,637117,997367.0,637117,1.565437745343477
Uruguai,2023,326093,454271.0,326093,1.393071915067174
Vanuatu,2020,18,31.0,18,1.7222222222222223
Venezuela,2012,1029,7492.0,1029,7.280855199222546
Venezuela,2014,14,232.0,14,16.571428571428573
Venezuela,2017,680,2646.0,680,3.8911764705882352
Venezuela,2018,71,355.0,71,5.0
Venezuela,2020,4086,9808.0,4086,2.400391581008321
Venezuela,2021,26415,35944.0,26415,1.3607420026500094
Venezuela,2022,23220,32351.0,23220,1.393238587424634
Venezuela,2023,141030,220512.0,141030,1.5635822165496702
Vietnã,2009,743,2143.0,743,2.8842530282637955
Vietnã,2010,8820,9977.0,8820,1.1311791383219956
Vietnã,2019,20,32.0,20,1.6
Vietnã,2020,86,584.0,86,6.790697674418604
Vietnã,2022,130,277.0,130,2.1307692307692307
Vietnã,2023,72,128.0,72,1.7777777777777777
